<?xml version="1.0" encoding="UTF-8"?>
	<?xsl-stylesheet type="text/xsl" href="que_.xsl"?>
		
	<Students>
		<Student>
			<Roll_no></Roll_no>
			<Name>Monsy</Name>
			<Marks>20</Marks>
			<Rank>458</Rank>
			<Result>45</Result>
		</Student>
		
				<Student>
			<Roll_no>558</Roll_no>
			<Name>Ovry</Name>
			<Marks>56</Marks>
			<Rank>50</Rank>
			<Result>50</Result>
		</Student>


		<Student>
			<Roll_no>332</Roll_no>
			<Name>Kinsen</Name>
			<Marks>99</Marks>
			<Rank>2</Rank>
			<Result>78</Result>
		</Student>


		<Student>
			<Roll_no>556</Roll_no>
			<Name>Lames</Name>
			<Marks>68</Marks>
			<Rank>2</Rank>
			<Result>235</Result>
		</Student>


		<Student>
			<Roll_no>547</Roll_no>
			<Name>Ahsan</Name>
			<Marks>45</Marks>
			<Rank>102</Rank>
			<Result>12</Result>
		</Student>

	</Students>
	