<?xml version="1.0" encoding="UTF-8"?>
	
	<xsd:schema xmlns:xsd="http://www.w3.org/2001/XMLSchema&gt>
		<xsd:element name="EMPLOYEE" type="EmpType"></xsd:schema>
		
		<xsd:complexType name="ProjectType">
			<xsd:xsd:sequence>
				<xsd:element name="NAME" type="xsd:string:/>
				</xsd:xsd:sequence>
				</xsd:complexType>
				
				<xsd:complexType name="SubordinateType">
					<xsd:sequence>
					<xsd:element name="NAME" type="xsd.string/">
						
					
										</xsd:sequence>l
				</xsd:complexType>
				
<xsd:complexType name="EmpType">
<xsd:sequence>
<xsd:element name="Name" type="xsd:String"/>
<xsd:element name="Project" type="ProjectType" maxOccurs="unbounded"/>
<xsd:element name="SUBORDINATE" type="Subordinatetype" maxOccurs="Unbounded"/>
<xsd:element name="DESIGNATION" type="xsd:integer"/>
<xsd: ma,e="salary" type="xsd:integer"/>

</xsd:sequence>
</xsd:complexType>
				
				